"method_id","method_header","method_qualified_name","method_start_line","method_end_line"
"JT-000000","void testForStyle_fullDateTime()","org.joda.time.format.TestDateTimeFormatStyle.testForStyle_fullDateTime()V","289","300"
"JT-000001","DateTimeFormatter createFormatterForStyleIndex(int dateStyle, int timeStyle)","org.joda.time.format.DateTimeFormat.createFormatterForStyleIndex(II)Lorg/joda/time/format/DateTimeFormatter;","729","743"
"JT-000002","DateTimeFormatter forStyle(String style)","org.joda.time.format.DateTimeFormat.forStyle(Ljava/lang/String;)Lorg/joda/time/format/DateTimeFormatter;","200","202"
"JT-000003","DateTimeFormatter fullDateTime()","org.joda.time.format.DateTimeFormat.fullDateTime()Lorg/joda/time/format/DateTimeFormatter;","371","373"
"JT-000004","DateTimeFormatter createDateTimeFormatter(int dateStyle, int timeStyle)","org.joda.time.format.DateTimeFormat.createDateTimeFormatter(II)Lorg/joda/time/format/DateTimeFormatter;","752","761"
"JT-000005","void setUp()","org.joda.time.format.TestDateTimeFormatStyle.setUp()V","71","79"
"JT-000006","void tearDown()","org.joda.time.format.TestDateTimeFormatStyle.tearDown()V","81","89"
"JT-000007","void testForFields_time_HSm()","org.joda.time.format.TestISODateTimeFormat_Fields.testForFields_time_HSm()V","970","998"
"JT-000008","DateTimeFormatter forFields(Collection<DateTimeFieldType> fields, boolean extended, boolean strictISO)","org.joda.time.format.ISODateTimeFormat.forFields(Ljava/util/Collection;ZZ)Lorg/joda/time/format/DateTimeFormatter;","151","199"
"JT-000009","DateTimeFieldType monthOfYear()","org.joda.time.DateTimeFieldType.monthOfYear()Lorg/joda/time/DateTimeFieldType;","317","319"
"JT-000010","DateTimeFieldType dayOfYear()","org.joda.time.DateTimeFieldType.dayOfYear()Lorg/joda/time/DateTimeFieldType;","281","283"
"JT-000011","DateTimeFieldType weekOfWeekyear()","org.joda.time.DateTimeFieldType.weekOfWeekyear()Lorg/joda/time/DateTimeFieldType;","290","292"
"JT-000012","DateTimeFieldType dayOfMonth()","org.joda.time.DateTimeFieldType.dayOfMonth()Lorg/joda/time/DateTimeFieldType;","272","274"
"JT-000013","DateTimeFieldType dayOfWeek()","org.joda.time.DateTimeFieldType.dayOfWeek()Lorg/joda/time/DateTimeFieldType;","263","265"
"JT-000014","DateTimeFieldType year()","org.joda.time.DateTimeFieldType.year()Lorg/joda/time/DateTimeFieldType;","326","328"
"JT-000015","DateTimeFormatterBuilder append(DateTimeFormatter formatter)","org.joda.time.format.DateTimeFormatterBuilder.append(Lorg/joda/time/format/DateTimeFormatter;)Lorg/joda/time/format/DateTimeFormatterBuilder;","217","222"
"JT-000016","DateTimeFieldType weekyear()","org.joda.time.DateTimeFieldType.weekyear()Lorg/joda/time/DateTimeFieldType;","299","301"
"JT-000017","void time(DateTimeFormatterBuilder bld, Collection<DateTimeFieldType> fields, boolean extended, boolean strictISO, boolean reducedPrec, boolean datePresent)","org.joda.time.format.ISODateTimeFormat.time(Lorg/joda/time/format/DateTimeFormatterBuilder;Ljava/util/Collection;ZZZZ)V","388","450"
"JT-000018","boolean canBuildFormatter()","org.joda.time.format.DateTimeFormatterBuilder.canBuildFormatter()Z","168","170"
"JT-000019","DateTimeFormatter toFormatter()","org.joda.time.format.DateTimeFormatterBuilder.toFormatter()Lorg/joda/time/format/DateTimeFormatter;","103","117"
"JT-000020","DateTimeFieldType hourOfDay()","org.joda.time.DateTimeFieldType.hourOfDay()Lorg/joda/time/DateTimeFieldType;","217","219"
"JT-000021","DateTimeFieldType secondOfMinute()","org.joda.time.DateTimeFieldType.secondOfMinute()Lorg/joda/time/DateTimeFieldType;","181","183"
"JT-000022","DateTimeFieldType millisOfSecond()","org.joda.time.DateTimeFieldType.millisOfSecond()Lorg/joda/time/DateTimeFieldType;","163","165"
"JT-000023","void testConstructor_int_int_int()","org.joda.time.TestDateMidnight_Constructors.testConstructor_int_int_int()V","476","513"
"JT-000024","DateMidnight(int year, int monthOfYear, int dayOfMonth)","org.joda.time.DateMidnight.<init>(III)V","316","318"
"JT-000025","BaseDateTime(int year, int monthOfYear, int dayOfMonth, int hourOfDay, int minuteOfHour, int secondOfMinute, int millisOfSecond, DateTimeZone zone)","org.joda.time.base.BaseDateTime.<init>(IIIIIIILorg/joda/time/DateTimeZone;)V","217","228"
"JT-000026","ISOChronology getInstance()","org.joda.time.chrono.ISOChronology.getInstance()Lorg/joda/time/chrono/ISOChronology;","78","80"
"JT-000027","Chronology getChronology()","org.joda.time.base.BaseDateTime.getChronology()Lorg/joda/time/Chronology;","313","315"
"JT-000028","DateTimeZone getZone()","org.joda.time.base.AbstractInstant.getZone()Lorg/joda/time/DateTimeZone;","70","72"
"JT-000029","long getMillis()","org.joda.time.base.BaseDateTime.getMillis()J","304","306"
"JT-000030","int getYear()","org.joda.time.base.AbstractDateTime.getYear()I","115","117"
"JT-000031","int getMonthOfYear()","org.joda.time.base.AbstractDateTime.getMonthOfYear()I","139","141"
"JT-000032","int getDayOfMonth()","org.joda.time.base.AbstractDateTime.getDayOfMonth()I","173","175"
"JT-000033","void setUp()","org.joda.time.TestDateMidnight_Constructors.setUp()V","99","105"
"JT-000034","void tearDown()","org.joda.time.TestDateMidnight_Constructors.tearDown()V","107","112"
"JT-000035","void testPropertyGetDayOfYear()","org.joda.time.TestDateMidnight_Properties.testPropertyGetDayOfYear()V","410","429"
"JT-000036","Property dayOfYear()","org.joda.time.DateMidnight.dayOfYear()Lorg/joda/time/DateMidnight$Property;","1168","1170"
"JT-000037","DateTimeField dayOfYear()","org.joda.time.Chronology.dayOfYear()Lorg/joda/time/DateTimeField;","379","379"
"JT-000038","DateTimeField getField()","org.joda.time.DateMidnight$Property.getField()Lorg/joda/time/DateTimeField;","1264","1266"
"JT-000039","String getName()","org.joda.time.field.AbstractReadableInstantFieldProperty.getName()Ljava/lang/String;","80","82"
"JT-000040","String toString()","org.joda.time.field.AbstractReadableInstantFieldProperty.toString()Ljava/lang/String;","470","472"
"JT-000041","DateMidnight getDateMidnight()","org.joda.time.DateMidnight$Property.getDateMidnight()Lorg/joda/time/DateMidnight;","1292","1294"
"JT-000042","int get()","org.joda.time.field.AbstractReadableInstantFieldProperty.get()I","119","121"
"JT-000043","String getAsText()","org.joda.time.field.AbstractReadableInstantFieldProperty.getAsText()Ljava/lang/String;","150","152"
"JT-000044","String getAsText(Locale locale)","org.joda.time.field.AbstractReadableInstantFieldProperty.getAsText(Ljava/util/Locale;)Ljava/lang/String;","166","168"
"JT-000045","String getAsShortText()","org.joda.time.field.AbstractReadableInstantFieldProperty.getAsShortText()Ljava/lang/String;","181","183"
"JT-000046","String getAsShortText(Locale locale)","org.joda.time.field.AbstractReadableInstantFieldProperty.getAsShortText(Ljava/util/Locale;)Ljava/lang/String;","197","199"
"JT-000047","DurationField days()","org.joda.time.Chronology.days()Lorg/joda/time/DurationField;","355","355"
"JT-000048","DurationField getDurationField()","org.joda.time.field.AbstractReadableInstantFieldProperty.getDurationField()Lorg/joda/time/DurationField;","243","245"
"JT-000049","DurationField years()","org.joda.time.Chronology.years()Lorg/joda/time/DurationField;","443","443"
"JT-000050","DurationField getRangeDurationField()","org.joda.time.field.AbstractReadableInstantFieldProperty.getRangeDurationField()Lorg/joda/time/DurationField;","253","255"
"JT-000051","int getMaximumTextLength(Locale locale)","org.joda.time.field.AbstractReadableInstantFieldProperty.getMaximumTextLength(Ljava/util/Locale;)I","333","335"
"JT-000052","int getMaximumShortTextLength(Locale locale)","org.joda.time.field.AbstractReadableInstantFieldProperty.getMaximumShortTextLength(Ljava/util/Locale;)I","344","346"
"JT-000053","boolean isLeap()","org.joda.time.field.AbstractReadableInstantFieldProperty.isLeap()Z","263","265"
"JT-000054","int getLeapAmount()","org.joda.time.field.AbstractReadableInstantFieldProperty.getLeapAmount()I","273","275"
"JT-000055","DurationField getLeapDurationField()","org.joda.time.field.AbstractReadableInstantFieldProperty.getLeapDurationField()Lorg/joda/time/DurationField;","281","283"
"JT-000056","void setUp()","org.joda.time.TestDateMidnight_Properties.setUp()V","84","90"
"JT-000057","void tearDown()","org.joda.time.TestDateMidnight_Properties.tearDown()V","92","97"
"JT-000058","void testIsAfterNow()","org.joda.time.TestDateTime_Basics.testIsAfterNow()V","452","456"
"JT-000059","boolean isAfterNow()","org.joda.time.base.AbstractInstant.isAfterNow()Z","332","334"
"JT-000060","boolean isAfter(long instant)","org.joda.time.base.AbstractInstant.isAfter(J)Z","322","324"
"JT-000061","long currentTimeMillis()","org.joda.time.DateTimeUtils.currentTimeMillis()J","71","73"
"JT-000062","void setUp()","org.joda.time.TestDateTime_Basics.setUp()V","109","117"
"JT-000063","void tearDown()","org.joda.time.TestDateTime_Basics.tearDown()V","119","127"
"JT-000064","void testConstructor_badconverterObject_Chronology()","org.joda.time.TestDateTime_Constructors.testConstructor_badconverterObject_Chronology()V","560","569"
"JT-000065","DateTime(Object instant, Chronology chronology)","org.joda.time.DateTime.<init>(Ljava/lang/Object;Lorg/joda/time/Chronology;)V","301","303"
"JT-000066","ConverterManager getInstance()","org.joda.time.convert.ConverterManager.getInstance()Lorg/joda/time/convert/ConverterManager;","88","93"
"JT-000067","InstantConverter addInstantConverter(InstantConverter converter)","org.joda.time.convert.ConverterManager.addInstantConverter(Lorg/joda/time/convert/InstantConverter;)Lorg/joda/time/convert/InstantConverter;","193","203"
"JT-000068","GregorianChronology getInstance()","org.joda.time.chrono.GregorianChronology.getInstance()Lorg/joda/time/chrono/GregorianChronology;","88","90"
"JT-000069","InstantConverter removeInstantConverter(InstantConverter converter)","org.joda.time.convert.ConverterManager.removeInstantConverter(Lorg/joda/time/convert/InstantConverter;)Lorg/joda/time/convert/InstantConverter;","212","222"
"JT-000070","Chronology getChronology(Chronology chrono)","org.joda.time.DateTimeUtils.getChronology(Lorg/joda/time/Chronology;)Lorg/joda/time/Chronology;","267","272"
"JT-000071","BaseDateTime(Object instant, Chronology chronology)","org.joda.time.base.BaseDateTime.<init>(Ljava/lang/Object;Lorg/joda/time/Chronology;)V","169","175"
"JT-000072","void setUp()","org.joda.time.TestDateTime_Constructors.setUp()V","83","90"
"JT-000073","void tearDown()","org.joda.time.TestDateTime_Constructors.tearDown()V","92","98"
"JT-000074","void testConstructor_nullObject_Chronology()","org.joda.time.TestDateTime_Constructors.testConstructor_nullObject_Chronology()V","532","536"
"JT-000075","void test_RioBrancoIsCorrect_Spring()","org.joda.time.TestDateTimeZoneCutover.test_RioBrancoIsCorrect_Spring()V","1060","1067"
"JT-000076","DateTime(long instant, DateTimeZone zone)","org.joda.time.DateTime.<init>(JLorg/joda/time/DateTimeZone;)V","221","223"
"JT-000077","String toString()","org.joda.time.base.AbstractDateTime.toString()Ljava/lang/String;","312","315"
"JT-000078","BaseDateTime(long instant, DateTimeZone zone)","org.joda.time.base.BaseDateTime.<init>(JLorg/joda/time/DateTimeZone;)V","109","111"
"JT-000079","void testDateTimeCreation_newYork()","org.joda.time.TestDateTimeZoneCutover.testDateTimeCreation_newYork()V","1337","1342"
"JT-000080","DateTime(int year, int monthOfYear, int dayOfMonth, int hourOfDay, int minuteOfHour, DateTimeZone zone)","org.joda.time.DateTime.<init>(IIIIILorg/joda/time/DateTimeZone;)V","340","349"
"JT-000081","DateTimeZone forID(String id)","org.joda.time.DateTimeZone.forID(Ljava/lang/String;)Lorg/joda/time/DateTimeZone;","208","230"
"JT-000082","DateTime plusHours(int hours)","org.joda.time.DateTime.plusHours(I)Lorg/joda/time/DateTime;","1145","1151"
"JT-000083","void testPeriod()","org.joda.time.TestDateTimeZoneCutover.testPeriod()V","1246","1251"
"JT-000084","Period(ReadableInstant startInstant, ReadableInstant endInstant, PeriodType type)","org.joda.time.Period.<init>(Lorg/joda/time/ReadableInstant;Lorg/joda/time/ReadableInstant;Lorg/joda/time/PeriodType;)V","547","549"
"JT-000085","PeriodType standard()","org.joda.time.PeriodType.standard()Lorg/joda/time/PeriodType;","101","117"
"JT-000086","String toString()","org.joda.time.base.AbstractPeriod.toString()Ljava/lang/String;","226","229"
"JT-000087","DateTime(Object instant, DateTimeZone zone)","org.joda.time.DateTime.<init>(Ljava/lang/Object;Lorg/joda/time/DateTimeZone;)V","280","282"
"JT-000088","void testIsEqual()","org.joda.time.TestDuration_Basics.testIsEqual()V","180","196"
"JT-000089","boolean isEqual(ReadableDuration duration)","org.joda.time.base.AbstractDuration.isEqual(Lorg/joda/time/ReadableDuration;)Z","112","117"
"JT-000090","int compareTo(ReadableDuration other)","org.joda.time.base.AbstractDuration.compareTo(Lorg/joda/time/ReadableDuration;)I","92","104"
"JT-000091","void setUp()","org.joda.time.TestDuration_Basics.setUp()V","85","93"
"JT-000092","void tearDown()","org.joda.time.TestDuration_Basics.tearDown()V","95","103"
"JT-000093","void testToPeriod_Chronology()","org.joda.time.TestDuration_Basics.testToPeriod_Chronology()V","509","519"
"JT-000094","Period toPeriod(Chronology chrono)","org.joda.time.base.BaseDuration.toPeriod(Lorg/joda/time/Chronology;)Lorg/joda/time/Period;","163","165"
"JT-000095","ISOChronology getInstanceUTC()","org.joda.time.chrono.ISOChronology.getInstanceUTC()Lorg/joda/time/chrono/ISOChronology;","69","71"
"JT-000096","long getMillis()","org.joda.time.base.BaseDuration.getMillis()J","114","116"
"JT-000097","void testSerialization()","org.joda.time.TestInstant_Basics.testSerialization()V","364","379"
"JT-000098","Instant(long instant)","org.joda.time.Instant.<init>(J)V","117","120"
"JT-000099","void setUp()","org.joda.time.TestInstant_Basics.setUp()V","87","95"
"JT-000100","void tearDown()","org.joda.time.TestInstant_Basics.tearDown()V","97","105"
"JT-000101","void testConstructor_Object4()","org.joda.time.TestInterval_Constructors.testConstructor_Object4()V","650","655"
"JT-000102","Interval(Object interval)","org.joda.time.Interval.<init>(Ljava/lang/Object;)V","269","271"
"JT-000103","long getStartMillis()","org.joda.time.base.BaseInterval.getStartMillis()J","224","226"
"JT-000104","long getEndMillis()","org.joda.time.base.BaseInterval.getEndMillis()J","234","236"
"JT-000105","BaseInterval(Object interval, Chronology chrono)","org.joda.time.base.BaseInterval.<init>(Ljava/lang/Object;Lorg/joda/time/Chronology;)V","188","206"
"JT-000106","void setUp()","org.joda.time.TestInterval_Constructors.setUp()V","85","93"
"JT-000107","void tearDown()","org.joda.time.TestInterval_Constructors.tearDown()V","95","103"
"JT-000108","long getStartMillis()","org.joda.time.TestInterval_Constructors$MockInterval.getStartMillis()J","712","714"
"JT-000109","long getEndMillis()","org.joda.time.TestInterval_Constructors$MockInterval.getEndMillis()J","718","720"
"JT-000110","MockInterval()","org.joda.time.TestInterval_Basics$MockInterval.<init>()V","193","195"
"JT-000111","void testConstructor_Object_Chronology1()","org.joda.time.TestInterval_Constructors.testConstructor_Object_Chronology1()V","772","781"
"JT-000112","Interval(Object interval, Chronology chronology)","org.joda.time.Interval.<init>(Ljava/lang/Object;Lorg/joda/time/Chronology;)V","288","290"
"JT-000113","Interval(ReadableInstant start, ReadableInstant end)","org.joda.time.Interval.<init>(Lorg/joda/time/ReadableInstant;Lorg/joda/time/ReadableInstant;)V","198","200"
"JT-000114","DateTime(int year, int monthOfYear, int dayOfMonth, int hourOfDay, int minuteOfHour, int secondOfMinute, int millisOfSecond)","org.joda.time.DateTime.<init>(IIIIIII)V","468","477"
"JT-000115","BuddhistChronology getInstance()","org.joda.time.chrono.BuddhistChronology.getInstance()Lorg/joda/time/chrono/BuddhistChronology;","93","95"
"JT-000116","Chronology getChronology()","org.joda.time.base.BaseInterval.getChronology()Lorg/joda/time/Chronology;","214","216"
"JT-000117","void testMinusWeeks_int()","org.joda.time.TestLocalDate_Basics.testMinusWeeks_int()V","602","610"
"JT-000118","LocalDate minusWeeks(int weeks)","org.joda.time.LocalDate.minusWeeks(I)Lorg/joda/time/LocalDate;","1382","1388"
"JT-000119","Chronology getChronology()","org.joda.time.LocalDate.getChronology()Lorg/joda/time/Chronology;","618","620"
"JT-000120","DurationField weeks()","org.joda.time.Chronology.weeks()Lorg/joda/time/DurationField;","388","388"
"JT-000121","long subtract(long instant, int value)","org.joda.time.DurationField.subtract(JI)J","208","213"
"JT-000122","long getLocalMillis()","org.joda.time.LocalDate.getLocalMillis()J","609","611"
"JT-000123","LocalDate withLocalMillis(long newMillis)","org.joda.time.LocalDate.withLocalMillis(J)Lorg/joda/time/LocalDate;","1053","1056"
"JT-000124","void setUp()","org.joda.time.TestLocalDate_Basics.setUp()V","104","110"
"JT-000125","void tearDown()","org.joda.time.TestLocalDate_Basics.tearDown()V","112","118"
"JT-000126","void testToDateTimeAtStartOfDay_Zone()","org.joda.time.TestLocalDate_Basics.testToDateTimeAtStartOfDay_Zone()V","681","687"
"JT-000127","DateTime toDateTimeAtStartOfDay(DateTimeZone zone)","org.joda.time.LocalDate.toDateTimeAtStartOfDay(Lorg/joda/time/DateTimeZone;)Lorg/joda/time/DateTime;","727","734"
"JT-000128","DateTimeZone getZone(DateTimeZone zone)","org.joda.time.DateTimeUtils.getZone(Lorg/joda/time/DateTimeZone;)Lorg/joda/time/DateTimeZone;","284","289"
"JT-000129","Chronology withZone(DateTimeZone zone)","org.joda.time.Chronology.withZone(Lorg/joda/time/DateTimeZone;)Lorg/joda/time/Chronology;","91","91"
"JT-000130","long convertLocalToUTC(long instantLocal, boolean strict)","org.joda.time.DateTimeZone.convertLocalToUTC(JZ)J","991","1032"
"JT-000131","DateTimeField dayOfMonth()","org.joda.time.Chronology.dayOfMonth()Lorg/joda/time/DateTimeField;","372","372"
"JT-000132","long roundFloor(long instant)","org.joda.time.DateTimeField.roundFloor(J)J","613","613"
"JT-000133","void check(LocalDate test, int hour, int min, int sec)","org.joda.time.TestLocalDate_Basics.check(Lorg/joda/time/LocalDate;III)V","1154","1158"
"JT-000134","void testConstructor_DateTimeZone()","org.joda.time.TestLocalDate_Constructors.testConstructor_DateTimeZone()V","175","193"
"JT-000135","LocalDate(DateTimeZone zone)","org.joda.time.LocalDate.<init>(Lorg/joda/time/DateTimeZone;)V","280","282"
"JT-000136","void setCurrentMillisFixed(long fixedMillis)","org.joda.time.DateTimeUtils.setCurrentMillisFixed(J)V","97","100"
"JT-000137","int getYear()","org.joda.time.LocalDate.getYear()I","1474","1476"
"JT-000138","int getMonthOfYear()","org.joda.time.LocalDate.getMonthOfYear()I","1498","1500"
"JT-000139","int getDayOfMonth()","org.joda.time.LocalDate.getDayOfMonth()I","1532","1534"
"JT-000140","LocalDate now(DateTimeZone zone)","org.joda.time.LocalDate.now(Lorg/joda/time/DateTimeZone;)Lorg/joda/time/LocalDate;","135","140"
"JT-000141","ISOChronology getInstance(DateTimeZone zone)","org.joda.time.chrono.ISOChronology.getInstance(Lorg/joda/time/DateTimeZone;)Lorg/joda/time/chrono/ISOChronology;","88","101"
"JT-000142","void setUp()","org.joda.time.TestLocalDate_Constructors.setUp()V","73","77"
"JT-000143","void tearDown()","org.joda.time.TestLocalDate_Constructors.tearDown()V","79","83"
"JT-000144","void testConstructor_long2()","org.joda.time.TestLocalDateTime_Constructors.testConstructor_long2()V","267","277"
"JT-000145","LocalDateTime(long instant)","org.joda.time.LocalDateTime.<init>(J)V","304","306"
"JT-000146","int getHourOfDay()","org.joda.time.LocalDateTime.getHourOfDay()I","1640","1642"
"JT-000147","int getMinuteOfHour()","org.joda.time.LocalDateTime.getMinuteOfHour()I","1649","1651"
"JT-000148","int getSecondOfMinute()","org.joda.time.LocalDateTime.getSecondOfMinute()I","1658","1660"
"JT-000149","int getMillisOfSecond()","org.joda.time.LocalDateTime.getMillisOfSecond()I","1667","1669"
"JT-000150","void setUp()","org.joda.time.TestLocalDateTime_Constructors.setUp()V","81","85"
"JT-000151","void tearDown()","org.joda.time.TestLocalDateTime_Constructors.tearDown()V","87","91"
"JT-000152","void testMinusMinutes_int()","org.joda.time.TestLocalTime_Basics.testMinusMinutes_int()V","609","617"
"JT-000153","LocalTime minusMinutes(int minutes)","org.joda.time.LocalTime.minusMinutes(I)Lorg/joda/time/LocalTime;","1020","1026"
"JT-000154","Chronology getChronology()","org.joda.time.LocalTime.getChronology()Lorg/joda/time/Chronology;","668","670"
"JT-000155","DurationField seconds()","org.joda.time.Chronology.seconds()Lorg/joda/time/DurationField;","256","256"
"JT-000156","long getLocalMillis()","org.joda.time.LocalTime.getLocalMillis()J","659","661"
"JT-000157","LocalTime withLocalMillis(long newMillis)","org.joda.time.LocalTime.withLocalMillis(J)Lorg/joda/time/LocalTime;","737","739"
"JT-000158","void setUp()","org.joda.time.TestLocalTime_Basics.setUp()V","83","87"
"JT-000159","void tearDown()","org.joda.time.TestLocalTime_Basics.tearDown()V","89","93"
"JT-000160","void testConstructor_Object1()","org.joda.time.TestLocalTime_Constructors.testConstructor_Object1()V","332","340"
"JT-000161","LocalTime(Object instant)","org.joda.time.LocalTime.<init>(Ljava/lang/Object;)V","382","384"
"JT-000162","int getHourOfDay()","org.joda.time.LocalTime.getHourOfDay()I","1099","1101"
"JT-000163","int getMinuteOfHour()","org.joda.time.LocalTime.getMinuteOfHour()I","1108","1110"
"JT-000164","int getSecondOfMinute()","org.joda.time.LocalTime.getSecondOfMinute()I","1117","1119"
"JT-000165","int getMillisOfSecond()","org.joda.time.LocalTime.getMillisOfSecond()I","1126","1128"
"JT-000166","void setUp()","org.joda.time.TestLocalTime_Constructors.setUp()V","84","89"
"JT-000167","void tearDown()","org.joda.time.TestLocalTime_Constructors.tearDown()V","91","96"
"JT-000168","void testConstructor_Object2_Chronology()","org.joda.time.TestLocalTime_Constructors.testConstructor_Object2_Chronology()V","569","580"
"JT-000169","void testConstructor_ObjectString4()","org.joda.time.TestLocalTime_Constructors.testConstructor_ObjectString4()V","409","416"
"JT-000170","void testFactory_FromDateFields_after1970()","org.joda.time.TestLocalTime_Constructors.testFactory_FromDateFields_after1970()V","135","140"
"JT-000171","LocalTime(int hourOfDay, int minuteOfHour, int secondOfMinute, int millisOfSecond)","org.joda.time.LocalTime.<init>(IIII)V","477","484"
"JT-000172","LocalTime fromDateFields(Date date)","org.joda.time.LocalTime.fromDateFields(Ljava/util/Date;)Lorg/joda/time/LocalTime;","265","276"
"JT-000173","void testPropertyGetMaxMinValuesMilli()","org.joda.time.TestLocalTime_Properties.testPropertyGetMaxMinValuesMilli()V","632","638"
"JT-000174","int getMinimumValue()","org.joda.time.field.AbstractReadableInstantFieldProperty.getMinimumValue()I","302","304"
"JT-000175","int getMinimumValueOverall()","org.joda.time.field.AbstractReadableInstantFieldProperty.getMinimumValueOverall()I","292","294"
"JT-000176","int getMaximumValue()","org.joda.time.field.AbstractReadableInstantFieldProperty.getMaximumValue()I","322","324"
"JT-000177","int getMaximumValueOverall()","org.joda.time.field.AbstractReadableInstantFieldProperty.getMaximumValueOverall()I","312","314"
"JT-000178","Property millisOfSecond()","org.joda.time.LocalTime.millisOfSecond()Lorg/joda/time/LocalTime$Property;","1248","1250"
"JT-000179","DateTimeField getField()","org.joda.time.field.AbstractReadableInstantFieldProperty.getField()Lorg/joda/time/DateTimeField;","64","64"
"JT-000180","int getMinimumValue()","org.joda.time.DateTimeField.getMinimumValue()I","521","521"
"JT-000181","int getMinimumValue(long instant)","org.joda.time.DateTimeField.getMinimumValue(J)I","529","529"
"JT-000182","long getMillis()","org.joda.time.field.AbstractReadableInstantFieldProperty.getMillis()J","89","89"
"JT-000183","int getMaximumValue()","org.joda.time.DateTimeField.getMaximumValue()I","555","555"
"JT-000184","int getMaximumValue(long instant)","org.joda.time.DateTimeField.getMaximumValue(J)I","563","563"
"JT-000185","void setUp()","org.joda.time.TestLocalTime_Properties.setUp()V","65","69"
"JT-000186","void tearDown()","org.joda.time.TestLocalTime_Properties.tearDown()V","71","75"
"JT-000187","void testDateTime_min()","org.joda.time.TestMinMaxLong.testDateTime_min()V","235","240"
"JT-000188","DateTime(int year, int monthOfYear, int dayOfMonth, int hourOfDay, int minuteOfHour)","org.joda.time.DateTime.<init>(IIIII)V","317","324"
"JT-000189","void setUp()","org.joda.time.TestMinMaxLong.setUp()V","51","57"
"JT-000190","void tearDown()","org.joda.time.TestMinMaxLong.tearDown()V","59","64"
"JT-000191","void testPlusDays_int_wrapMonth()","org.joda.time.TestMonthDay_Basics.testPlusDays_int_wrapMonth()V","507","512"
"JT-000192","MonthDay plusDays(int days)","org.joda.time.MonthDay.plusDays(I)Lorg/joda/time/MonthDay;","614","616"
"JT-000193","MonthDay withFieldAdded(DurationFieldType fieldType, int amount)","org.joda.time.MonthDay.withFieldAdded(Lorg/joda/time/DurationFieldType;I)Lorg/joda/time/MonthDay;","513","521"
"JT-000194","DurationFieldType days()","org.joda.time.DurationFieldType.days()Lorg/joda/time/DurationFieldType;","150","152"
"JT-000195","void setUp()","org.joda.time.TestMonthDay_Basics.setUp()V","73","77"
"JT-000196","void tearDown()","org.joda.time.TestMonthDay_Basics.tearDown()V","79","83"
"JT-000197","void testConstructor_Object_nullChronology()","org.joda.time.TestMonthDay_Constructors.testConstructor_Object_nullChronology()V","327","333"
"JT-000198","MonthDay(Object instant, Chronology chronology)","org.joda.time.MonthDay.<init>(Ljava/lang/Object;Lorg/joda/time/Chronology;)V","318","320"
"JT-000199","DateTimeFormatter localDateParser()","org.joda.time.format.ISODateTimeFormat.localDateParser()Lorg/joda/time/format/DateTimeFormatter;","516","518"
"JT-000200","Chronology getChronology()","org.joda.time.base.BasePartial.getChronology()Lorg/joda/time/Chronology;","248","250"
"JT-000201","int getMonthOfYear()","org.joda.time.MonthDay.getMonthOfYear()I","695","697"
"JT-000202","int getDayOfMonth()","org.joda.time.MonthDay.getDayOfMonth()I","704","706"
"JT-000203","void setUp()","org.joda.time.TestMonthDay_Constructors.setUp()V","68","72"
"JT-000204","void tearDown()","org.joda.time.TestMonthDay_Constructors.tearDown()V","74","78"
"JT-000205","void testAddMonths_int_dstOverlapWinter_addZero()","org.joda.time.TestMutableDateTime_Adds.testAddMonths_int_dstOverlapWinter_addZero()V","244","250"
"JT-000206","void addMonths(int months)","org.joda.time.MutableDateTime.addMonths(I)V","706","710"
"JT-000207","void addHours(int hours)","org.joda.time.MutableDateTime.addHours(I)V","795","799"
"JT-000208","void setMillis(long instant)","org.joda.time.MutableDateTime.setMillis(J)V","452","473"
"JT-000209","DurationField months()","org.joda.time.Chronology.months()Lorg/joda/time/DurationField;","427","427"
"JT-000210","long add(long instant, int value)","org.joda.time.DurationField.add(JI)J","189","189"
"JT-000211","void setUp()","org.joda.time.TestMutableDateTime_Adds.setUp()V","78","86"
"JT-000212","void tearDown()","org.joda.time.TestMutableDateTime_Adds.tearDown()V","88","96"
"JT-000213","void testSetZone_DateTimeZone2()","org.joda.time.TestMutableDateTime_Sets.testSetZone_DateTimeZone2()V","139","144"
"JT-000214","void setZone(DateTimeZone newZone)","org.joda.time.MutableDateTime.setZone(Lorg/joda/time/DateTimeZone;)V","580","586"
"JT-000215","DateTimeZone getZone()","org.joda.time.Chronology.getZone()Lorg/joda/time/DateTimeZone;","73","73"
"JT-000216","void setChronology(Chronology chronology)","org.joda.time.MutableDateTime.setChronology(Lorg/joda/time/Chronology;)V","561","563"
"JT-000217","void setUp()","org.joda.time.TestMutableDateTime_Sets.setUp()V","81","89"
"JT-000218","void tearDown()","org.joda.time.TestMutableDateTime_Sets.tearDown()V","91","99"
"JT-000219","void testEqualsHashCode()","org.joda.time.TestMutableInterval_Basics.testEqualsHashCode()V","136","178"
"JT-000220","boolean equals(Object readableInterval)","org.joda.time.base.AbstractInterval.equals(Ljava/lang/Object;)Z","463","475"
"JT-000221","int hashCode()","org.joda.time.base.AbstractInterval.hashCode()I","482","490"
"JT-000222","GJChronology getInstance()","org.joda.time.chrono.GJChronology.getInstance()Lorg/joda/time/chrono/GJChronology;","137","139"
"JT-000223","long getStartMillis()","org.joda.time.ReadableInterval.getStartMillis()J","58","58"
"JT-000224","long getEndMillis()","org.joda.time.ReadableInterval.getEndMillis()J","73","73"
"JT-000225","boolean equals(Object object1, Object object2)","org.joda.time.field.FieldUtils.equals(Ljava/lang/Object;Ljava/lang/Object;)Z","359","367"
"JT-000226","Chronology getChronology()","org.joda.time.ReadableInterval.getChronology()Lorg/joda/time/Chronology;","50","50"
"JT-000227","void setUp()","org.joda.time.TestMutableInterval_Basics.setUp()V","87","95"
"JT-000228","void tearDown()","org.joda.time.TestMutableInterval_Basics.tearDown()V","97","105"
"JT-000229","void testConstructor_Object5()","org.joda.time.TestMutableInterval_Constructors.testConstructor_Object5()V","543","567"
"JT-000230","MutableInterval(Object interval)","org.joda.time.MutableInterval.<init>(Ljava/lang/Object;)V","185","187"
"JT-000231","IntervalConverter getIntervalConverter(Object object)","org.joda.time.convert.ConverterManager.getIntervalConverter(Ljava/lang/Object;)Lorg/joda/time/convert/IntervalConverter;","507","515"
"JT-000232","IntervalConverter addIntervalConverter(IntervalConverter converter)","org.joda.time.convert.ConverterManager.addIntervalConverter(Lorg/joda/time/convert/IntervalConverter;)Lorg/joda/time/convert/IntervalConverter;","541","551"
"JT-000233","boolean isReadableInterval(Object object, Chronology chrono)","org.joda.time.TestMutableInterval_Constructors$1.isReadableInterval(Ljava/lang/Object;Lorg/joda/time/Chronology;)Z","546","548"
"JT-000234","void setInto(ReadWritableInterval interval, Object object, Chronology chrono)","org.joda.time.TestMutableInterval_Constructors$1.setInto(Lorg/joda/time/ReadWritableInterval;Ljava/lang/Object;Lorg/joda/time/Chronology;)V","549","552"
"JT-000235","Class<?> getSupportedType()","org.joda.time.TestMutableInterval_Constructors$1.getSupportedType()Ljava/lang/Class;","553","555"
"JT-000236","void setUp()","org.joda.time.TestMutableInterval_Constructors.setUp()V","83","91"
"JT-000237","void tearDown()","org.joda.time.TestMutableInterval_Constructors.tearDown()V","93","101"
"JT-000238","void testConstructor_RI_RD1()","org.joda.time.TestMutablePeriod_Constructors.testConstructor_RI_RD1()V","759","773"
"JT-000239","MutablePeriod(ReadableInstant startInstant, ReadableDuration duration)","org.joda.time.MutablePeriod.<init>(Lorg/joda/time/ReadableInstant;Lorg/joda/time/ReadableDuration;)V","325","327"
"JT-000240","Duration toDuration()","org.joda.time.base.AbstractInterval.toDuration()Lorg/joda/time/Duration;","413","420"
"JT-000241","PeriodType getPeriodType()","org.joda.time.base.BasePeriod.getPeriodType()Lorg/joda/time/PeriodType;","317","319"
"JT-000242","int getYears()","org.joda.time.MutablePeriod.getYears()I","745","747"
"JT-000243","int getMonths()","org.joda.time.MutablePeriod.getMonths()I","754","756"
"JT-000244","int getWeeks()","org.joda.time.MutablePeriod.getWeeks()I","763","765"
"JT-000245","int getDays()","org.joda.time.MutablePeriod.getDays()I","772","774"
"JT-000246","int getHours()","org.joda.time.MutablePeriod.getHours()I","782","784"
"JT-000247","int getMinutes()","org.joda.time.MutablePeriod.getMinutes()I","791","793"
"JT-000248","int getSeconds()","org.joda.time.MutablePeriod.getSeconds()I","800","802"
"JT-000249","int getMillis()","org.joda.time.MutablePeriod.getMillis()I","809","811"
"JT-000250","void setUp()","org.joda.time.TestMutablePeriod_Constructors.setUp()V","80","88"
"JT-000251","void tearDown()","org.joda.time.TestMutablePeriod_Constructors.tearDown()V","90","98"
"JT-000252","void testAdd_RInterval5()","org.joda.time.TestMutablePeriod_Updates.testAdd_RInterval5()V","1373","1384"
"JT-000253","void add(ReadableInterval interval)","org.joda.time.MutablePeriod.add(Lorg/joda/time/ReadableInterval;)V","676","680"
"JT-000254","void add(ReadablePeriod period)","org.joda.time.MutablePeriod.add(Lorg/joda/time/ReadablePeriod;)V","636","638"
"JT-000255","Period toPeriod(PeriodType type)","org.joda.time.ReadableInterval.toPeriod(Lorg/joda/time/PeriodType;)Lorg/joda/time/Period;","280","280"
"JT-000256","void setUp()","org.joda.time.TestMutablePeriod_Updates.setUp()V","79","87"
"JT-000257","void tearDown()","org.joda.time.TestMutablePeriod_Updates.tearDown()V","89","97"
"JT-000258","void testAdd_RP1()","org.joda.time.TestMutablePeriod_Updates.testAdd_RP1()V","1234","1245"
"JT-000259","void addPeriod(ReadablePeriod period)","org.joda.time.base.BasePeriod.addPeriod(Lorg/joda/time/ReadablePeriod;)V","563","567"
"JT-000260","int[] addPeriodInto(int[] values, ReadablePeriod period)","org.joda.time.base.BasePeriod.addPeriodInto([ILorg/joda/time/ReadablePeriod;)[I","577","592"
"JT-000261","int[] getValues()","org.joda.time.base.AbstractPeriod.getValues()[I","94","100"
"JT-000262","void testWithout4()","org.joda.time.TestPartial_Basics.testWithout4()V","500","508"
"JT-000263","Partial without(DateTimeFieldType fieldType)","org.joda.time.Partial.without(Lorg/joda/time/DateTimeFieldType;)Lorg/joda/time/Partial;","515","529"
"JT-000264","DateTimeFieldType minuteOfHour()","org.joda.time.DateTimeFieldType.minuteOfHour()Lorg/joda/time/DateTimeFieldType;","199","201"
"JT-000265","DateTimeFieldType getFieldType(int index)","org.joda.time.Partial.getFieldType(I)Lorg/joda/time/DateTimeFieldType;","368","370"
"JT-000266","int size()","org.joda.time.Partial.size()I","333","335"
"JT-000267","boolean isSupported(DateTimeFieldType type)","org.joda.time.base.AbstractPartial.isSupported(Lorg/joda/time/DateTimeFieldType;)Z","159","161"
"JT-000268","int indexOf(DateTimeFieldType type)","org.joda.time.base.AbstractPartial.indexOf(Lorg/joda/time/DateTimeFieldType;)I","169","176"
"JT-000269","void validate(ReadablePartial partial, int[] values)","org.joda.time.Chronology.validate(Lorg/joda/time/ReadablePartial;[I)V","165","165"
"JT-000270","void check(Partial test, int hour, int min)","org.joda.time.TestPartial_Basics.check(Lorg/joda/time/Partial;II)V","926","929"
"JT-000271","Partial createHourMinPartial()","org.joda.time.TestPartial_Basics.createHourMinPartial()Lorg/joda/time/Partial;","898","900"
"JT-000272","void setUp()","org.joda.time.TestPartial_Basics.setUp()V","78","82"
"JT-000273","void tearDown()","org.joda.time.TestPartial_Basics.tearDown()V","84","88"
"JT-000274","void testConstructor_TypeArray_intArray()","org.joda.time.TestPartial_Constructors.testConstructor_TypeArray_intArray()V","173","190"
"JT-000275","Partial(DateTimeFieldType[] types, int[] values)","org.joda.time.Partial.<init>([Lorg/joda/time/DateTimeFieldType;[I)V","176","178"
"JT-000276","Chronology getChronology()","org.joda.time.Partial.getChronology()Lorg/joda/time/Chronology;","345","347"
"JT-000277","int getValue(int index)","org.joda.time.Partial.getValue(I)I","392","394"
"JT-000278","int get(DateTimeFieldType type)","org.joda.time.base.AbstractPartial.get(Lorg/joda/time/DateTimeFieldType;)I","149","151"
"JT-000279","DateTimeFieldType[] getFieldTypes()","org.joda.time.Partial.getFieldTypes()[Lorg/joda/time/DateTimeFieldType;","380","382"
"JT-000280","int[] getValues()","org.joda.time.Partial.getValues()[I","405","407"
"JT-000281","void setUp()","org.joda.time.TestPartial_Constructors.setUp()V","59","63"
"JT-000282","void tearDown()","org.joda.time.TestPartial_Constructors.tearDown()V","65","69"
"JT-000283","void testConstructor_TypeArray_intArray_Chrono()","org.joda.time.TestPartial_Constructors.testConstructor_TypeArray_intArray_Chrono()V","418","435"
"JT-000284","Partial(DateTimeFieldType[] types, int[] values, Chronology chronology)","org.joda.time.Partial.<init>([Lorg/joda/time/DateTimeFieldType;[ILorg/joda/time/Chronology;)V","193","274"
"JT-000285","void testConstructor_Object2()","org.joda.time.TestPeriod_Constructors.testConstructor_Object2()V","1157","1168"
"JT-000286","Period(Object period)","org.joda.time.Period.<init>(Ljava/lang/Object;)V","673","675"
"JT-000287","void setUp()","org.joda.time.TestPeriod_Constructors.setUp()V","68","76"
"JT-000288","void tearDown()","org.joda.time.TestPeriod_Constructors.tearDown()V","78","86"
"JT-000289","void testConstructor_Object_PeriodType2()","org.joda.time.TestPeriod_Constructors.testConstructor_Object_PeriodType2()V","1214","1225"
"JT-000290","Period(Object period, PeriodType type)","org.joda.time.Period.<init>(Ljava/lang/Object;Lorg/joda/time/PeriodType;)V","690","692"
"JT-000291","PeriodType yearMonthDayTime()","org.joda.time.PeriodType.yearMonthDayTime()Lorg/joda/time/PeriodType;","133","149"
"JT-000292","void testConstructor_RI_RD1()","org.joda.time.TestPeriod_Constructors.testConstructor_RI_RD1()V","1013","1027"
"JT-000293","Period(ReadableInstant startInstant, ReadableDuration duration)","org.joda.time.Period.<init>(Lorg/joda/time/ReadableInstant;Lorg/joda/time/ReadableDuration;)V","625","627"
"JT-000294","BasePeriod(ReadableInstant startInstant, ReadableDuration duration, PeriodType type)","org.joda.time.base.BasePeriod.<init>(Lorg/joda/time/ReadableInstant;Lorg/joda/time/ReadableDuration;Lorg/joda/time/PeriodType;)V","193","202"
"JT-000295","void testMinusHours_int()","org.joda.time.TestTimeOfDay_Basics.testMinusHours_int()V","548","556"
"JT-000296","TimeOfDay minusHours(int hours)","org.joda.time.TimeOfDay.minusHours(I)Lorg/joda/time/TimeOfDay;","731","733"
"JT-000297","TimeOfDay withFieldAdded(DurationFieldType fieldType, int amount)","org.joda.time.TimeOfDay.withFieldAdded(Lorg/joda/time/DurationFieldType;I)Lorg/joda/time/TimeOfDay;","552","560"
"JT-000298","DurationFieldType hours()","org.joda.time.DurationFieldType.hours()Lorg/joda/time/DurationFieldType;","131","133"
"JT-000299","int safeNegate(int value)","org.joda.time.field.FieldUtils.safeNegate(I)I","51","56"
"JT-000300","TimeOfDay(int hourOfDay, int minuteOfHour, int secondOfMinute, int millisOfSecond, Chronology chronology)","org.joda.time.TimeOfDay.<init>(IIIILorg/joda/time/Chronology;)V","397","400"
"JT-000301","void setUp()","org.joda.time.TestTimeOfDay_Basics.setUp()V","82","86"
"JT-000302","void tearDown()","org.joda.time.TestTimeOfDay_Basics.tearDown()V","88","92"
"JT-000303","void testToString_DTFormatter()","org.joda.time.TestTimeOfDay_Basics.testToString_DTFormatter()V","893","897"
"JT-000304","String toString(DateTimeFormatter formatter)","org.joda.time.base.AbstractPartial.toString(Lorg/joda/time/format/DateTimeFormatter;)Ljava/lang/String;","408","413"
"JT-000305","DateTimeFormatter forPattern(String pattern)","org.joda.time.format.DateTimeFormat.forPattern(Ljava/lang/String;)Lorg/joda/time/format/DateTimeFormatter;","176","178"
"JT-000306","String print(ReadablePartial partial)","org.joda.time.format.DateTimeFormatter.print(Lorg/joda/time/ReadablePartial;)Ljava/lang/String;","706","714"
"JT-000307","void testConstructor_ObjectString1()","org.joda.time.TestTimeOfDay_Constructors.testConstructor_ObjectString1()V","364","371"
"JT-000308","TimeOfDay(Object instant)","org.joda.time.TimeOfDay.<init>(Ljava/lang/Object;)V","276","278"
"JT-000309","DateTimeFormatter timeParser()","org.joda.time.format.ISODateTimeFormat.timeParser()Lorg/joda/time/format/DateTimeFormatter;","554","556"
"JT-000310","BasePartial(Object instant, Chronology chronology, DateTimeFormatter parser)","org.joda.time.base.BasePartial.<init>(Ljava/lang/Object;Lorg/joda/time/Chronology;Lorg/joda/time/format/DateTimeFormatter;)V","157","164"
"JT-000311","int getHourOfDay()","org.joda.time.TimeOfDay.getHourOfDay()I","856","858"
"JT-000312","int getMinuteOfHour()","org.joda.time.TimeOfDay.getMinuteOfHour()I","865","867"
"JT-000313","int getSecondOfMinute()","org.joda.time.TimeOfDay.getSecondOfMinute()I","874","876"
"JT-000314","int getMillisOfSecond()","org.joda.time.TimeOfDay.getMillisOfSecond()I","883","885"
"JT-000315","void setUp()","org.joda.time.TestTimeOfDay_Constructors.setUp()V","76","81"
"JT-000316","void tearDown()","org.joda.time.TestTimeOfDay_Constructors.tearDown()V","83","88"
"JT-000317","void testFactory_FromCalendarFields()","org.joda.time.TestTimeOfDay_Constructors.testFactory_FromCalendarFields()V","104","113"
"JT-000318","TimeOfDay(int hourOfDay, int minuteOfHour, int secondOfMinute, int millisOfSecond)","org.joda.time.TimeOfDay.<init>(IIII)V","380","382"
"JT-000319","TimeOfDay fromCalendarFields(Calendar calendar)","org.joda.time.TimeOfDay.fromCalendarFields(Ljava/util/Calendar;)Lorg/joda/time/TimeOfDay;","114","124"
"JT-000320","void testGetValues()","org.joda.time.TestYearMonth_Basics.testGetValues()V","161","168"
"JT-000321","int[] getValues()","org.joda.time.base.BasePartial.getValues()[I","236","238"
"JT-000322","void setUp()","org.joda.time.TestYearMonth_Basics.setUp()V","75","79"
"JT-000323","void tearDown()","org.joda.time.TestYearMonth_Basics.tearDown()V","81","85"
"JT-000324","void testWithStartMillis_long3()","org.joda.time.TestInterval_Basics.testWithStartMillis_long3()V","1095","1099"
"JT-000325","Interval withStartMillis(long startInstant)","org.joda.time.Interval.withStartMillis(J)Lorg/joda/time/Interval;","445","450"
"JT-000326","Interval(long startInstant, long endInstant, Chronology chronology)","org.joda.time.Interval.<init>(JJLorg/joda/time/Chronology;)V","185","187"
"JT-000327","void setUp()","org.joda.time.TestInterval_Basics.setUp()V","92","102"
"JT-000328","void tearDown()","org.joda.time.TestInterval_Basics.tearDown()V","104","112"
"JT-000329","void testToDateTimeAtCurrentTime()","org.joda.time.TestYearMonthDay_Basics.testToDateTimeAtCurrentTime()V","560","572"
"JT-000330","DateTime toDateTimeAtCurrentTime(DateTimeZone zone)","org.joda.time.YearMonthDay.toDateTimeAtCurrentTime(Lorg/joda/time/DateTimeZone;)Lorg/joda/time/DateTime;","711","716"
"JT-000331","DateTime toDateTimeAtCurrentTime()","org.joda.time.YearMonthDay.toDateTimeAtCurrentTime()Lorg/joda/time/DateTime;","696","698"
"JT-000332","long set(ReadablePartial partial, long instant)","org.joda.time.Chronology.set(Lorg/joda/time/ReadablePartial;J)J","183","183"
"JT-000333","Property year()","org.joda.time.DateTime.year()Lorg/joda/time/DateTime$Property;","1925","1927"
"JT-000334","DateTime setCopy(int value)","org.joda.time.DateTime$Property.setCopy(I)Lorg/joda/time/DateTime;","2219","2221"
"JT-000335","Property monthOfYear()","org.joda.time.DateTime.monthOfYear()Lorg/joda/time/DateTime$Property;","1943","1945"
"JT-000336","Property dayOfMonth()","org.joda.time.DateTime.dayOfMonth()Lorg/joda/time/DateTime$Property;","1970","1972"
"JT-000337","void check(YearMonthDay test, int hour, int min, int sec)","org.joda.time.TestYearMonthDay_Basics.check(Lorg/joda/time/YearMonthDay;III)V","827","831"
"JT-000338","void setUp()","org.joda.time.TestYearMonthDay_Basics.setUp()V","71","75"
"JT-000339","void tearDown()","org.joda.time.TestYearMonthDay_Basics.tearDown()V","77","81"
"JT-000340","void testWithFieldAdded1()","org.joda.time.TestYearMonthDay_Basics.testWithFieldAdded1()V","406","412"
"JT-000341","YearMonthDay withFieldAdded(DurationFieldType fieldType, int amount)","org.joda.time.YearMonthDay.withFieldAdded(Lorg/joda/time/DurationFieldType;I)Lorg/joda/time/YearMonthDay;","438","446"
"JT-000342","int indexOfSupported(DurationFieldType type)","org.joda.time.base.AbstractPartial.indexOfSupported(Lorg/joda/time/DurationFieldType;)I","218","224"
"JT-000343","DateTimeField getField(int index)","org.joda.time.base.AbstractPartial.getField(I)Lorg/joda/time/DateTimeField;","104","106"
"JT-000344","YearMonthDay(int year, int monthOfYear, int dayOfMonth)","org.joda.time.YearMonthDay.<init>(III)V","271","273"
"JT-000345","DurationFieldType years()","org.joda.time.DurationFieldType.years()Lorg/joda/time/DurationFieldType;","186","188"
"JT-000346","void testPropertyHashCode()","org.joda.time.TestYearMonthDay_Properties.testPropertyHashCode()V","520","527"
"JT-000347","int hashCode()","org.joda.time.field.AbstractPartialFieldProperty.hashCode()I","342","348"
"JT-000348","int get()","org.joda.time.field.AbstractPartialFieldProperty.get()I","91","91"
"JT-000349","DateTimeFieldType getFieldType()","org.joda.time.field.AbstractPartialFieldProperty.getFieldType()Lorg/joda/time/DateTimeFieldType;","59","61"
"JT-000350","ReadablePartial getReadablePartial()","org.joda.time.field.AbstractPartialFieldProperty.getReadablePartial()Lorg/joda/time/ReadablePartial;","77","77"
"JT-000351","Chronology getChronology()","org.joda.time.ReadablePartial.getChronology()Lorg/joda/time/Chronology;","82","82"
"JT-000352","Property dayOfMonth()","org.joda.time.YearMonthDay.dayOfMonth()Lorg/joda/time/YearMonthDay$Property;","908","910"
"JT-000353","Property monthOfYear()","org.joda.time.YearMonthDay.monthOfYear()Lorg/joda/time/YearMonthDay$Property;","899","901"
"JT-000354","void setUp()","org.joda.time.TestYearMonthDay_Properties.setUp()V","67","73"
"JT-000355","void tearDown()","org.joda.time.TestYearMonthDay_Properties.tearDown()V","75","81"
